spend_id,channel,spend,spend_date
14e276fa-5bc2-4c71-b626-55c14c424b74,EMAIL,2035.14,2025-01-07 05:41:55.823932
e2f0a840-9f55-4bc9-9f7b-c5d4650ac0f9,EMAIL,1508.1,2025-01-08 05:41:55.823932
a09cc266-fd8f-45f4-9234-bc87eac49ea5,google,4924.74,2025-01-09 05:41:55.823932
5163c5d8-558d-4016-98a5-dc57fee6e45a,email,2589.82,2025-01-10 05:41:55.823932
8aa5c8de-956c-4c7a-85c2-8d2258730e2a,tiktok,1092.76,2025-01-11 05:41:55.823932
91bbdcfc-6df0-4f05-b548-971bbf026573,snapchat,4513.0,2025-01-12 05:41:55.823932
6ed8513e-f156-4d2b-973b-a8247e7757e9,EMAIL,4278.39,2025-01-13 05:41:55.823932
fd2a9627-4287-4f88-91a4-4be6f9012c2c,facebook,4340.12,2025-01-14 05:41:55.823932
018171de-c92b-4bbb-acb8-3fa26ad1a052,snapchat,345.52,2025-01-15 05:41:55.823932
a6145449-c691-4ed5-a302-f6db7c8c934e,google,2221.65,2025-01-16 05:41:55.823932
170e3b79-1743-439d-8f5d-8c50f7368ed9,google,2821.43,2025-01-17 05:41:55.823932
ad413b6b-3f85-4768-9722-f455c2357799,facebook,1578.71,2025-01-18 05:41:55.823932
84b48579-404a-4432-b9f9-e963cc3b44cf,snapchat,4596.8,2025-01-19 05:41:55.823932
f6700d74-405e-48f7-a8a7-e83db720b961,EMAIL,1678.34,2025-01-20 05:41:55.823932
51ee9312-570d-4b7a-94ac-ae8ed5be80ee,facebook,183.85,2025-01-21 05:41:55.823932
7049dd25-be50-4bd0-99cf-c739b83a35f4,tiktok,2236.41,2025-01-22 05:41:55.823932
86023fdc-abe3-43a5-8f7d-4a9090987a8d,tiktok,3173.94,2025-01-23 05:41:55.823932
095e9c16-54ed-443a-830d-5fd32093c150,facebook,3555.01,2025-01-24 05:41:55.823932
bf688b53-e6a0-408b-a912-9b5f6a73819f,google,4681.74,2025-01-25 05:41:55.823932
cd030bce-7132-4dc6-afa6-4fc8d42fb531,snapchat,4176.54,2025-01-26 05:41:55.823932
1c9d51bc-48cd-4313-b114-7d61467639ea,email,4165.3,2025-01-27 05:41:55.823932
05281a58-b04b-41c2-baa3-8b646c78c6d4,snapchat,660.49,2025-01-28 05:41:55.823932
e315fd84-c949-40ed-9c40-e80633deeabd,email,3391.46,2025-01-29 05:41:55.823932
f19cbbe9-aaad-498a-bc50-ce69eb6ca1fa,EMAIL,3872.46,2025-01-30 05:41:55.823932
ca0fdd2f-e09e-42f5-ad95-51dba049e011,tiktok,1171.04,2025-01-31 05:41:55.823932
ffa06139-9482-49e3-b5c0-a90e56b87a5d,EMAIL,678.72,2025-02-01 05:41:55.823932
a304027e-021a-48a1-8273-5f49f413f48e,google,842.75,2025-02-02 05:41:55.823932
7da3ccf4-0d4e-4b5d-92c8-82941d4f4a99,snapchat,136.48,2025-02-03 05:41:55.823932
93c4e084-dd86-4070-8650-68029cb83ec7,google,4341.76,2025-02-04 05:41:55.823932
9373d1ca-fe0d-4274-a879-f7bb0c0e47bc,snapchat,3553.84,2025-02-05 05:41:55.823932
dfe14750-24d2-411d-9e78-94346572656d,EMAIL,322.76,2025-02-06 05:41:55.823932
b2f59e92-b000-47dd-9f81-e4a9c0fe34b8,snapchat,113.35,2025-02-07 05:41:55.823932
1065ddbc-747f-4fa3-ba25-15c206051fd5,tiktok,3396.1,2025-02-08 05:41:55.823932
3267d677-87d7-4e89-bbce-e8ca88b2bd17,tiktok,3260.38,2025-02-09 05:41:55.823932
d0579857-72ef-45e4-b27c-34bee4e2e4ec,facebook,3570.07,2025-02-10 05:41:55.823932
6fbab80e-b895-409a-aebb-46d6fb2e72e2,tiktok,3230.87,2025-02-11 05:41:55.823932
cc8e8fc7-7521-4cfc-bd48-16f380d60ffe,EMAIL,1401.93,2025-02-12 05:41:55.823932
f945c626-6072-4572-8055-8bc65c74c154,snapchat,419.7,2025-02-13 05:41:55.823932
c9ef938c-35f4-4236-9a57-f5297ade1513,EMAIL,3154.32,2025-02-14 05:41:55.823932
3709056b-775a-4201-91bd-9507886cd5d2,tiktok,4779.83,2025-02-15 05:41:55.823932
1be0058e-5e49-41ce-8583-fd7f52b7691d,tiktok,1512.17,2025-02-16 05:41:55.823932
f43a6124-7550-434b-8785-51c27c943a9c,email,1889.44,2025-02-17 05:41:55.823932
16260363-6118-4d59-be0d-add3e5ecb394,facebook,1251.57,2025-02-18 05:41:55.823932
46b87f98-a385-43d8-9b33-6ac7ad698da3,google,2944.17,2025-02-19 05:41:55.823932
b0aeaa28-cf4b-45d8-bdde-9fee8d2ec126,facebook,812.95,2025-02-20 05:41:55.823932
e1fb1593-150c-4a6e-adeb-67786a99030d,email,905.33,2025-02-21 05:41:55.823932
af59953c-5970-40c4-b6cf-f89aceac71fb,facebook,2657.2,2025-02-22 05:41:55.823932
5dd80d27-615a-4bc7-9159-f3452dbe8663,EMAIL,600.07,2025-02-23 05:41:55.823932
08b7582f-b38f-44a7-bc4d-03a4bfc9c75d,google,1287.49,2025-02-24 05:41:55.823932
67cb4b7d-23fc-4a8c-9ff5-8130198abefe,facebook,143.76,2025-02-25 05:41:55.823932
d4e027da-b451-4889-8e5a-44a502e3c474,EMAIL,2608.29,2025-02-26 05:41:55.823932
c825790b-8e74-45b0-a187-db0304baadcf,EMAIL,2114.2,2025-02-27 05:41:55.823932
5f7056e9-03ef-45d9-916e-7b7052f52737,google,1873.33,2025-02-28 05:41:55.823932
ea2ec4a6-f8d5-40a1-a4ad-5595a032f013,snapchat,4922.26,2025-03-01 05:41:55.823932
a1304adc-c2ff-45f1-999a-f149fb07f7a6,email,4999.98,2025-03-02 05:41:55.823932
7ecef9ff-0391-4601-914d-0adb992a2f27,snapchat,4072.13,2025-03-03 05:41:55.823932
48913a91-633f-4a9f-9101-33a034aa1cc9,snapchat,4032.9,2025-03-04 05:41:55.823932
5948a216-6fe2-4dc9-85d8-2e4f3464f302,facebook,2987.61,2025-03-05 05:41:55.823932
06e840f1-8668-457f-b78e-966369b2c3f7,facebook,1256.93,2025-03-06 05:41:55.823932
b46701ba-88d9-4ee6-ad40-08e709d8d8bf,google,733.06,2025-03-07 05:41:55.823932
73ede8e0-0831-42f9-a967-39a019f6c111,tiktok,1614.38,2025-03-08 05:41:55.823932
4aec2494-4ed3-437f-8286-21d0fb124365,tiktok,2263.72,2025-03-09 05:41:55.823932
e96824ca-0120-4bc6-a458-3a3b54c79970,tiktok,494.18,2025-03-10 05:41:55.823932
d07412af-6738-4014-9aaf-b42b5f327456,email,1537.93,2025-03-11 05:41:55.823932
f13bcc71-43ab-4e3b-8543-ee1d2b69cfd9,tiktok,1759.06,2025-03-12 05:41:55.823932
1b5eb1fb-8803-4f31-9dcf-8cd25662f39f,google,1184.3,2025-03-13 05:41:55.823932
59c90b9c-1705-4e2d-a297-0fcf9013ca4d,facebook,4659.97,2025-03-14 05:41:55.823932
8069b037-a8f4-487f-b593-e65627ba2c22,facebook,2759.4,2025-03-15 05:41:55.823932
07b800e7-eded-4de8-8c0a-f2acb800c791,facebook,1217.8,2025-03-16 05:41:55.823932
51a42fd6-8029-4f0b-bec2-83d190aa7d52,facebook,3923.14,2025-03-17 05:41:55.823932
a364088e-5c02-482c-a795-0aa7ccc992d5,snapchat,1663.75,2025-03-18 05:41:55.823932
a927ff86-3db2-4fee-83f6-732bc62b5e8f,google,2257.6,2025-03-19 05:41:55.823932
a46147a0-f1b8-4dd5-8630-f0a9e25d5474,EMAIL,515.35,2025-03-20 05:41:55.823932
2eab4911-617e-4028-abbc-db7ea4abfeb5,email,4391.3,2025-03-21 05:41:55.823932
c32f34bf-8d8e-4cd6-9183-a822a19b528c,EMAIL,140.03,2025-03-22 05:41:55.823932
86ae5781-8562-492f-9777-5528deb17995,snapchat,978.34,2025-03-23 05:41:55.823932
8bb2a2e6-fcfe-4c79-8fb5-6dc818099af4,facebook,1652.35,2025-03-24 05:41:55.823932
94b9fdc0-003a-4e1c-b616-53bc6c847e9c,snapchat,4580.31,2025-03-25 05:41:55.823932
f6c3b866-e1dc-42d3-bc68-b62ddffa5168,snapchat,4424.86,2025-03-26 05:41:55.823932
b5b3e76d-8d40-4787-ba04-eccd502177ef,snapchat,2159.45,2025-03-27 05:41:55.823932
d541372e-e622-4ca1-bdf9-69f177c97dce,EMAIL,1007.12,2025-03-28 05:41:55.823932
1599e96a-7a9b-4c7d-ad55-7e073ff9e054,snapchat,2621.24,2025-03-29 05:41:55.823932
91ca19c5-242a-467b-87fb-0262d46c0538,EMAIL,2388.03,2025-03-30 05:41:55.823932
665896ae-35fb-4664-b997-7e62af6fe995,tiktok,1925.78,2025-03-31 05:41:55.823932
f814ce82-93ae-417e-a589-aa406a16601d,snapchat,153.62,2025-04-01 05:41:55.823932
f7c17824-55d0-4757-ad5d-7e2b6151ad02,google,4237.38,2025-04-02 05:41:55.823932
4abeded2-9f08-4b9a-9548-4b9e6237c0f7,facebook,1634.71,2025-04-03 05:41:55.823932
33695888-62a9-4ffc-b689-52de2188b185,facebook,3545.39,2025-04-04 05:41:55.823932
57c0b4e5-8c57-4320-90c2-2917da61cc10,EMAIL,2687.5,2025-04-05 05:41:55.823932
a21234cd-26e0-4ae7-a29f-ca584e67b2ea,tiktok,2648.72,2025-04-06 05:41:55.823932
20b72382-9a16-4716-a357-b8029c2de5a9,EMAIL,4614.79,2025-04-07 05:41:55.823932
adb6b94a-9fb5-4c82-bb5a-f3778191fb07,EMAIL,384.52,2025-04-08 05:41:55.823932
d9a927d7-0e1b-45e2-bda5-871c5167f35e,facebook,4751.48,2025-04-09 05:41:55.823932
5d82c641-6d32-4eb6-87f6-0b6cf4eb9fd5,facebook,2649.47,2025-04-10 05:41:55.823932
064026b8-d371-4042-acf8-4fd6d0a067f9,google,3435.21,2025-04-11 05:41:55.823932
73fed985-854a-413d-b813-06feb6813750,email,2458.13,2025-04-12 05:41:55.823932
998cd490-8ee8-4c22-8653-bbaac6efac2f,email,4191.82,2025-04-13 05:41:55.823932
be8794fa-47fe-4644-ac48-0db7e5f1cf85,snapchat,1904.61,2025-04-14 05:41:55.823932
46d96373-cf3d-4133-ab5e-9412804d5a75,tiktok,1502.05,2025-04-15 05:41:55.823932
046b9402-e749-44e6-a369-db9194e42488,google,2539.05,2025-04-16 05:41:55.823932
a0b133dc-b0ac-45cb-b720-e17d96aeca99,EMAIL,2700.47,2025-04-17 05:41:55.823932
5ded08c7-e8cc-43e4-9821-9c0589aca781,google,1371.88,2025-04-18 05:41:55.823932
40b93722-465b-4759-b9e7-139362518bc7,google,4224.73,2025-04-19 05:41:55.823932
4c97ab13-d7dc-453a-83bd-6d222ec3609b,google,3892.58,2025-04-20 05:41:55.823932
e59a7f55-5bac-44a5-87ed-7325929cb740,google,2138.43,2025-04-21 05:41:55.823932
2b460b29-bc44-435b-ba43-9698ca342c17,tiktok,2201.75,2025-04-22 05:41:55.823932
359a1284-ad6a-4de8-8b91-97b642b31f59,EMAIL,2294.56,2025-04-23 05:41:55.823932
1eb27cda-869c-45a6-83df-48c3fdbde964,snapchat,2048.75,2025-04-24 05:41:55.823932
398b449c-1742-4747-b572-60176021cb2c,email,4761.95,2025-04-25 05:41:55.823932
339fd764-a0ae-4143-bf12-dde0b8a2e822,snapchat,3167.3,2025-04-26 05:41:55.823932
7bdf684a-7617-443f-8571-c4a6ee68ff87,EMAIL,1515.53,2025-04-27 05:41:55.823932
49aac4b7-fdcb-4687-af56-da7feacf86b9,snapchat,3437.62,2025-04-28 05:41:55.823932
a826f6e6-6777-4ab1-bb58-e48dfd9bb228,tiktok,2327.15,2025-04-29 05:41:55.823932
368f381e-419b-4bc8-a212-18b60fbd3e79,google,2020.17,2025-04-30 05:41:55.823932
7edfc50e-5ed0-4f7b-aa9b-4cb8c8eb41ec,EMAIL,772.92,2025-05-01 05:41:55.823932
d262a5ff-d4fc-4b13-a60d-aaa754f7846a,tiktok,1258.71,2025-05-02 05:41:55.823932
2c30179e-2f8d-4c7f-a2df-c70009f20160,snapchat,1250.23,2025-05-03 05:41:55.823932
87c69bae-a8d2-46e1-adae-76e6354c0b1e,tiktok,2459.38,2025-05-04 05:41:55.823932
190485b0-c5ad-41b4-a62c-2923f8d4ef2e,facebook,196.72,2025-05-05 05:41:55.823932
25a9f14b-b0ec-42a9-9ee5-2fbda0537247,facebook,2581.18,2025-05-06 05:41:55.823932
314d1dee-e5fb-4f8c-9f40-2c14b84a14c4,snapchat,613.43,2025-05-07 05:41:55.823932
77519a5b-66be-4598-b548-613b3a1f8b84,facebook,541.47,2025-05-08 05:41:55.823932
86909cf0-4e5b-4d42-9563-a920e9d8c0e8,email,1609.39,2025-05-09 05:41:55.823932
7ba6d2cd-0cd6-4c16-8e64-9bcf77f93ee7,snapchat,4593.3,2025-05-10 05:41:55.823932
5657e254-3066-43af-8abb-db2e9966ea61,EMAIL,887.96,2025-05-11 05:41:55.823932
c3fc8149-705c-45a4-a8d3-a85e38acbc46,email,4160.84,2025-05-12 05:41:55.823932
a6c81530-278c-49f0-996f-01888828139d,google,1779.4,2025-05-13 05:41:55.823932
87612f56-fdf2-4a67-9d9d-cc41f2681e9a,tiktok,895.93,2025-05-14 05:41:55.823932
359c73fd-61d8-43b2-b8d4-00dfa1edf66b,google,3790.37,2025-05-15 05:41:55.823932
c3569699-668c-41e0-a55a-8d9952d20b43,google,590.7,2025-05-16 05:41:55.823932
77100c23-3857-4496-85d9-d03bb373811b,snapchat,1567.78,2025-05-17 05:41:55.823932
db622c97-259f-41d6-afca-151f4c82e1fd,tiktok,1493.01,2025-05-18 05:41:55.823932
44bd5d2a-1411-4f10-b8d9-d9e636c086c3,facebook,1846.67,2025-05-19 05:41:55.823932
e4c32327-9359-49b1-ac74-77b80f19c46a,email,3828.0,2025-05-20 05:41:55.823932
2095316b-2acf-4eba-99d3-2937d7851e1f,tiktok,572.42,2025-05-21 05:41:55.823932
9b1acb4e-5bc8-4df6-a79d-d5d37a9cd9ef,tiktok,3403.72,2025-05-22 05:41:55.823932
e2b54181-5dc9-49bd-86c5-957ea25e4ed1,facebook,367.64,2025-05-23 05:41:55.823932
205009d1-cad2-4a7d-a81f-e263fb9b8fdb,google,2243.1,2025-05-24 05:41:55.823932
34ce4bc3-2e26-4129-a5b3-bf76128c8fbd,email,573.45,2025-05-25 05:41:55.823932
4b71352e-7d87-43cd-9d8a-c40627aee8d7,email,4536.33,2025-05-26 05:41:55.823932
fdb15f38-13a0-4507-bca0-55da2ee5c2c3,email,1933.3,2025-05-27 05:41:55.823932
9c6d4e51-4baf-4ed3-9319-6d4201b2c045,facebook,4443.11,2025-05-28 05:41:55.823932
c3d8b297-3e3e-4ee5-9590-39a401434297,email,2421.82,2025-05-29 05:41:55.823932
8bce6ff2-e1fc-4e93-b907-1853a0d836e0,snapchat,1229.23,2025-05-30 05:41:55.823932
741323cb-2ee0-485a-b6bd-46d667b1dd67,google,4825.02,2025-05-31 05:41:55.823932
e7c885ee-1aff-480a-9d2d-412460d864b4,email,4382.82,2025-06-01 05:41:55.823932
2aa343dd-40fd-448a-b22c-099ef2f81993,email,4069.33,2025-06-02 05:41:55.823932
3354ebc9-157e-449f-8ef9-240a59a0b09c,google,3154.13,2025-06-03 05:41:55.823932
3647120e-479e-4c1e-845c-7edcce626f04,email,945.82,2025-06-04 05:41:55.823932
a4b4e1e3-bb68-44dd-beed-5307298e4cb7,tiktok,986.77,2025-06-05 05:41:55.823932
06cc8525-6fd4-4cfe-8c54-57f58141070a,snapchat,3340.94,2025-06-06 05:41:55.823932
4fa97243-323c-4e21-b7c7-7a744964c9fc,google,4973.2,2025-06-07 05:41:55.823932
01cdc2d9-77f3-46d4-a38e-a8f510e55d12,google,4569.8,2025-06-08 05:41:55.823932
4765380b-0485-48cb-8d68-99bc1e83689d,email,1060.0,2025-06-09 05:41:55.823932
5e6ecda5-41f0-4318-9193-dd31e7e7e7c8,email,2729.21,2025-06-10 05:41:55.823932
464b5e2e-8e3d-484e-9c24-8aceaa6b33bf,google,3359.99,2025-06-11 05:41:55.823932
d7fa593b-20a6-47ef-9f6d-a328a1034d7a,email,3693.86,2025-06-12 05:41:55.823932
d5e6e826-b1ba-49e2-ae68-8cb32103383b,facebook,4515.92,2025-06-13 05:41:55.823932
4359e0ff-35d9-4fe1-b7e3-6afdfa901c4a,email,2860.26,2025-06-14 05:41:55.823932
6688212d-0763-4a58-baea-e766b89eec2d,EMAIL,2054.54,2025-06-15 05:41:55.823932
b4fdca6e-12a1-43cb-a2ca-052dddf2f444,email,3285.75,2025-06-16 05:41:55.823932
300c2a84-9c7d-4d60-b49b-9be08a6c82dc,tiktok,3520.99,2025-06-17 05:41:55.823932
3dfbd0ef-980a-4ba7-b193-aa248bf7e709,email,806.68,2025-06-18 05:41:55.823932
ca1a56fb-1ca5-4c20-9ba6-0029bc43a5c4,facebook,1572.4,2025-06-19 05:41:55.823932
c4e38903-750a-4e12-963a-f652b2354578,facebook,2714.57,2025-06-20 05:41:55.823932
871bc754-da36-4c4c-a333-2b628e2d5830,snapchat,1850.09,2025-06-21 05:41:55.823932
d95aeb9b-227d-4483-b404-9ef88d4fab12,tiktok,1039.84,2025-06-22 05:41:55.823932
67bc990a-fff6-4833-a4e0-59fa8535adb6,snapchat,437.19,2025-06-23 05:41:55.823932
b51ad123-8c8a-4cd2-979e-af125b0e05b6,facebook,3308.78,2025-06-24 05:41:55.823932
1dcfe026-454b-444c-a0c1-c7954bd809cb,email,4845.95,2025-06-25 05:41:55.823932
08e631ae-5337-4f78-b671-de484c282a4f,email,1507.77,2025-06-26 05:41:55.823932
927dc386-e5cd-43cc-b404-cea3e170ebc3,email,4325.64,2025-06-27 05:41:55.823932
6a226eed-7ba1-4e35-be8d-a358f3b21191,tiktok,1642.48,2025-06-28 05:41:55.823932
e6f58236-0fba-4bd1-9f34-48b0f4c94165,snapchat,3070.18,2025-06-29 05:41:55.823932
6bd6fdec-d7af-4c3d-8edb-5f7d05195a00,google,3039.76,2025-06-30 05:41:55.823932
c62f1c4d-f101-45b5-bd8e-a105f7889cfe,EMAIL,3897.99,2025-07-01 05:41:55.823932
4b5a33c0-fae2-4dbd-99fd-48e8f0454bc6,email,4279.04,2025-07-02 05:41:55.823932
d2f2f7a9-bcfb-466e-812e-4eb52dda1f15,facebook,321.55,2025-07-03 05:41:55.823932
0393df78-7df1-4f61-b6c1-83dd353cd34f,snapchat,771.46,2025-07-04 05:41:55.823932
e6b450ab-8ebb-4db0-8d8b-215fc5a6bd14,email,2375.79,2025-07-05 05:41:55.823932
f19a8cdc-0d65-4ef4-8071-d50227ea81d7,email,2667.8,2025-07-06 05:41:55.823932
73d15519-7b48-4c8f-88e2-c06fdfbe6e79,tiktok,114.51,2025-07-07 05:41:55.823932
b0e39898-f4be-43ba-b03e-e2d3972aeef7,facebook,1944.95,2025-07-08 05:41:55.823932
0b11aeed-abe9-4491-a95e-edea5a600a16,tiktok,1490.78,2025-07-09 05:41:55.823932
182f9087-9f7e-460a-a82b-554e755ee3b2,EMAIL,764.3,2025-07-10 05:41:55.823932
23d644cb-366e-4bad-9feb-9092885f3690,email,2451.6,2025-07-11 05:41:55.823932
8141b7fd-2c1d-49bd-9c3e-fa85c9f3a730,email,4521.32,2025-07-12 05:41:55.823932
e6923ea7-55a9-425f-aa07-ba0dcb1f0661,EMAIL,1210.2,2025-07-13 05:41:55.823932
fa53224b-9910-4997-843a-e287dd1c3a3d,email,3215.05,2025-07-14 05:41:55.823932
f4844c9f-dbab-4741-9704-ded38e39b63c,email,2964.75,2025-07-15 05:41:55.823932
56ffa4d3-725e-440b-a022-381fc356003f,snapchat,2692.19,2025-07-16 05:41:55.823932
fe5696fa-43b0-477d-b238-02761635d5e4,EMAIL,4088.04,2025-07-17 05:41:55.823932
512c10ec-08f9-4636-a70f-f2f3502b0b97,google,468.15,2025-07-18 05:41:55.823932
18fc4bd9-c85b-4122-b5a4-f8de6649a1d8,snapchat,2162.0,2025-07-19 05:41:55.823932
dadf25d5-8fdc-46d6-8022-d40119289a41,tiktok,3655.57,2025-07-20 05:41:55.823932
b9eca9da-54de-48f3-9872-6dd4ab594e79,email,2247.71,2025-07-21 05:41:55.823932
e4941d7b-8074-4caa-bdaf-fee11839dd28,email,2343.42,2025-07-22 05:41:55.823932
c31a3741-cba1-472a-ad32-027967c46fa4,facebook,1185.32,2025-07-23 05:41:55.823932
29958096-7d36-4bdb-b235-ffeac7d0136e,google,2617.88,2025-07-24 05:41:55.823932
1a2041bb-15c2-4566-9f19-af29baf04c22,tiktok,866.39,2025-07-25 05:41:55.823932
4824c43c-bc65-4468-8f2e-3905fa4480e0,EMAIL,2095.01,2025-07-26 05:41:55.823932
69236082-ba5f-47eb-9092-ee5a1986b582,EMAIL,922.83,2025-07-27 05:41:55.823932
a8b6ac75-3ce8-4f70-bca5-b1b3772c5c25,email,1948.59,2025-07-28 05:41:55.823932
081de117-31cf-44da-a44e-36377bb288df,snapchat,4075.35,2025-07-29 05:41:55.823932
19ddaf95-3197-4d5e-b269-b01e1805450f,tiktok,4658.94,2025-07-30 05:41:55.823932
1aef77fb-177a-4817-9785-33d527b37736,google,2952.62,2025-07-31 05:41:55.823932
9c4f0d6a-a0e7-4d2d-a295-e6c544345695,facebook,4156.17,2025-08-01 05:41:55.823932
730c880c-a6a6-4139-813b-0fba95a64b78,email,142.36,2025-08-02 05:41:55.823932
76570130-cbc0-4f42-9490-09951a8a1d96,email,4311.31,2025-08-03 05:41:55.823932
9324fced-1ba8-4369-bffc-17d979702b7a,facebook,2316.81,2025-08-04 05:41:55.823932
ab90ffab-8101-4c18-bc35-2dce890f4017,tiktok,3943.49,2025-08-05 05:41:55.823932
264bd2db-9b79-4e45-ba21-819ec2cee3b6,email,1664.7,2025-08-06 05:41:55.823932
cc0be82f-a516-47fd-acf8-ec285277bab2,snapchat,1483.47,2025-08-07 05:41:55.823932
caa62dff-9438-44a9-b6ba-f2f373b55e85,google,3681.7,2025-08-08 05:41:55.823932
1c4442bd-cb82-48a2-88f7-11c997908c3a,facebook,2523.88,2025-08-09 05:41:55.823932
d6a6a65a-bddd-4efe-91bc-3cbe66edd95b,google,1487.05,2025-08-10 05:41:55.823932
d45b2aca-eeca-4f1a-8790-5cef6892e4dc,email,1793.79,2025-08-11 05:41:55.823932
c3e75213-9364-4b20-bbba-1be8267274e0,tiktok,4655.19,2025-08-12 05:41:55.823932
a97eef1e-6f5f-4f84-87ba-d6a49d54d4ee,tiktok,1716.45,2025-08-13 05:41:55.823932
122efd14-746e-4f54-8f74-7c044ac9b543,facebook,3175.16,2025-08-14 05:41:55.823932
f8cc2513-d6f3-4ada-a3f6-d6d967932644,snapchat,2837.98,2025-08-15 05:41:55.823932
6e3420fb-350b-497b-a320-c34e85940a4c,facebook,513.04,2025-08-16 05:41:55.823932
24965bbd-7230-468f-91db-3e5e5222cb17,facebook,775.48,2025-08-17 05:41:55.823932
ed01b73d-1b7f-45e7-b8a4-ed7b88b3b1f0,facebook,616.97,2025-08-18 05:41:55.823932
7001a1e1-568f-4edc-9be6-c19ffe39a685,google,3394.2,2025-08-19 05:41:55.823932
9930131c-ca94-4c21-b8d1-6f9496037b65,facebook,3919.86,2025-08-20 05:41:55.823932
4512779b-f44b-4d38-b675-1d4e73efbc41,email,2693.25,2025-08-21 05:41:55.823932
9938b07f-0fe1-420f-b898-21067f5446f1,EMAIL,3000.18,2025-08-22 05:41:55.823932
30b09545-008b-45d7-adad-16302d5ef586,email,4976.41,2025-08-23 05:41:55.823932
e37671ab-594c-4d59-a4d2-24d5478d24fd,snapchat,786.66,2025-08-24 05:41:55.823932
797afa69-fae3-41b5-a6ad-b35fd203a7d5,tiktok,3575.15,2025-08-25 05:41:55.823932
2c9c0d12-d4f1-45fc-908e-271cb495db69,google,3911.73,2025-08-26 05:41:55.823932
dc9bf969-1daa-4b5e-a5df-866ebcd11537,google,1852.99,2025-08-27 05:41:55.823932
7736e14a-34ae-4d14-b16b-0b0888eafd83,tiktok,2781.29,2025-08-28 05:41:55.823932
33660d5a-a359-4edd-bad6-7d608438a1da,EMAIL,4163.83,2025-08-29 05:41:55.823932
0be9f574-018f-4ca4-b247-28c2bb1d068b,google,4437.73,2025-08-30 05:41:55.823932
cff6ad1d-fb30-4ebe-8de0-3fff91b269f7,google,4014.77,2025-08-31 05:41:55.823932
3110b2e2-1540-4239-8adf-0976c2d1a020,snapchat,2245.33,2025-09-01 05:41:55.823932
2836c80d-2b3a-4dae-ac4b-a8866ea9fa86,tiktok,4448.65,2025-09-02 05:41:55.823932
b88b3ae1-e47c-4213-bc26-f0a27a34c9c1,google,535.54,2025-09-03 05:41:55.823932
831febc7-3c1e-462b-b56f-e497238e8fc7,google,453.55,2025-09-04 05:41:55.823932
8c5675aa-13df-43ca-8495-08ec58e4607a,email,439.97,2025-09-05 05:41:55.823932
69f82a44-7d03-4229-9658-4e16a59a457e,EMAIL,4916.02,2025-09-06 05:41:55.823932
47f5e39c-d26a-416c-9e71-5b6214a6eb6f,email,4262.77,2025-09-07 05:41:55.823932
a3f2b915-3b46-4748-831f-4340f64f09c7,tiktok,3091.62,2025-09-08 05:41:55.823932
5496c57c-2792-4de3-9465-e5e8e8aa67d0,tiktok,2382.88,2025-09-09 05:41:55.823932
c75eb390-1bbd-4643-b61a-5fd77c17515b,facebook,2813.12,2025-09-10 05:41:55.823932
76f01b31-f906-4942-9a1b-e48c91411e13,google,2845.21,2025-09-11 05:41:55.823932
b8917770-694a-4e2e-8f63-f39b88176648,facebook,1199.39,2025-09-12 05:41:55.823932
0d328c49-7b84-45c7-8e21-30e695393929,email,4484.54,2025-09-13 05:41:55.823932
0d7828c4-ce36-49a3-9e2c-372905134941,facebook,4842.16,2025-09-14 05:41:55.823932
f6325266-7092-46eb-a69a-547ef65728a5,facebook,3185.62,2025-09-15 05:41:55.823932
0ac6dcc5-4ca5-42d3-b091-b3b96e847909,EMAIL,3307.29,2025-09-16 05:41:55.823932
0f1ad2ab-900b-4826-a9d5-796411c1346d,EMAIL,933.2,2025-09-17 05:41:55.823932
45febc6d-6723-4ce9-9af8-ab8648c3e105,snapchat,1930.84,2025-09-18 05:41:55.823932
0fad3e47-237a-491d-8039-7eeb27e83eaf,email,1732.38,2025-09-19 05:41:55.823932
89a22456-89e2-4016-a5db-6a42fa0b9c33,tiktok,162.7,2025-09-20 05:41:55.823932
35548fea-9a01-4236-b20e-da4808229f84,facebook,3829.83,2025-09-21 05:41:55.823932
97fd0c94-86df-44ed-90ca-38a36eee1896,tiktok,4504.36,2025-09-22 05:41:55.823932
44c11895-b4dc-4d8d-ade6-ededbf32ba26,tiktok,3431.51,2025-09-23 05:41:55.823932
7756cc4b-ccfe-4ae7-a8bf-905dbafc0988,facebook,1284.99,2025-09-24 05:41:55.823932
265642b5-18c8-4d97-b596-7bdeb2270f82,facebook,2404.75,2025-09-25 05:41:55.823932
a5a66793-f750-42aa-b819-685b7def6aa6,snapchat,2813.01,2025-09-26 05:41:55.823932
52a52625-c507-4b0e-905b-a61f4f4c6fab,EMAIL,1683.72,2025-09-27 05:41:55.823932
4cde64b5-185c-4645-a272-a251edb22a0a,EMAIL,3919.08,2025-09-28 05:41:55.823932
65068b4b-3f21-437b-834c-f7112f4d35a3,email,2758.04,2025-09-29 05:41:55.823932
e60e809c-5e1b-4e46-9aca-a776f6038dce,facebook,771.25,2025-09-30 05:41:55.823932
5b56ed78-bf1f-41f8-81e2-e41793e6a007,facebook,4889.49,2025-10-01 05:41:55.823932
50ab2273-ae88-4542-a56b-324b60a5650e,snapchat,4783.4,2025-10-02 05:41:55.823932
2710c1b2-da1e-4de5-85de-81e7a067844a,tiktok,974.75,2025-10-03 05:41:55.823932
4afdea09-ca0e-4990-b31c-f75023c25385,EMAIL,4224.73,2025-10-04 05:41:55.823932
92a01f61-c60b-479f-a9dd-faff66f2ac90,EMAIL,1236.77,2025-10-05 05:41:55.823932
b01888f8-b36a-421f-b02d-62f2c00c19cc,tiktok,1638.16,2025-10-06 05:41:55.823932
c051f819-dfce-4ca4-8973-31ae886eefea,facebook,3227.74,2025-10-07 05:41:55.823932
3013ae0e-7bb9-45cc-91b8-f25c8bb0ff90,google,1695.72,2025-10-08 05:41:55.823932
ef6f7c86-47c9-4fb8-91c7-090e3708128a,google,4828.84,2025-10-09 05:41:55.823932
9f025bf2-be7b-424a-9318-875d2a40d402,google,2015.46,2025-10-10 05:41:55.823932
1e955d32-f8a9-45ce-95a8-c47105c1fad9,email,4469.08,2025-10-11 05:41:55.823932
62343781-8ea7-4f8a-a3d4-1d1b49be8802,snapchat,936.68,2025-10-12 05:41:55.823932
60e16dff-2242-4e8f-b74d-c18c20904c01,google,1155.24,2025-10-13 05:41:55.823932
20cda384-6639-4548-b40a-41c67beda190,google,1126.52,2025-10-14 05:41:55.823932
3732a795-7ea0-4bbe-8fde-e5e3be92d937,facebook,2948.53,2025-10-15 05:41:55.823932
bc76a776-4f95-48b7-8798-5943294b146b,google,558.08,2025-10-16 05:41:55.823932
415d0bd4-3ef5-46c3-8644-6c10db6b8274,facebook,1438.37,2025-10-17 05:41:55.823932
1a84b618-2ce5-4182-97d3-48d5f77b9ec9,email,3621.48,2025-10-18 05:41:55.823932
2f130000-ae28-4328-9c4a-d4333c34ebf1,facebook,3967.07,2025-10-19 05:41:55.823932
f674acc4-71b7-473b-aae9-854dfef67e3d,facebook,513.88,2025-10-20 05:41:55.823932
54f9ddbe-90de-4a7f-8dbc-8ad2c980ee1b,facebook,4184.64,2025-10-21 05:41:55.823932
2db29431-e67e-4ec1-ad26-2193ea2304f5,google,3276.5,2025-10-22 05:41:55.823932
8627ecfd-9a27-47c4-b4c0-a4d06df5e953,facebook,309.81,2025-10-23 05:41:55.823932
3a7955f6-5857-4b6b-8ee5-756aae1db2cc,tiktok,114.47,2025-10-24 05:41:55.823932
7c6b6a12-fe39-4d1a-92f6-05669ff77cc4,facebook,4954.33,2025-10-25 05:41:55.823932
f9cc212d-35c0-4d0a-90f7-431356171171,email,988.9,2025-10-26 05:41:55.823932
85463143-1748-4399-bfc5-a60cf11fac0e,google,2627.84,2025-10-27 05:41:55.823932
d98ba6d0-05d8-4cff-b267-b9866599a392,EMAIL,2981.81,2025-10-28 05:41:55.823932
d36a8494-0eaa-4132-aeec-bc16bee10895,email,2488.06,2025-10-29 05:41:55.823932
1afb1ee8-8612-406a-bbf6-98d3e3edd2a1,facebook,4726.1,2025-10-30 05:41:55.823932
bb2ac4ef-2f0c-4051-a402-a937787534da,tiktok,1640.05,2025-10-31 05:41:55.823932
a9dd8954-3739-464f-9c74-90aa2d24c409,google,3112.71,2025-11-01 05:41:55.823932
b8ba1425-48d0-46a2-8388-df6c634edeb2,facebook,3673.46,2025-11-02 05:41:55.823932
e644bf58-d81e-434c-834e-84a5e9f4e38e,tiktok,1661.16,2025-11-03 05:41:55.823932
9fcab5dd-d415-48d1-b770-b92d16d33a98,google,4073.15,2025-11-04 05:41:55.823932
02e3222a-3f14-410e-8e6c-a02a4c407aa5,google,4721.31,2025-11-05 05:41:55.823932
75da9955-ae8a-4212-b23a-5e1dc1d43f9a,email,1873.97,2025-11-06 05:41:55.823932
11f070b8-793e-4389-8053-b504c3138fa2,facebook,3966.49,2025-11-07 05:41:55.823932
830b4280-0756-45af-8b94-434deca9d9d7,facebook,3828.81,2025-11-08 05:41:55.823932
d5811810-fd72-41fa-90a7-08ef2e917e8a,snapchat,4680.03,2025-11-09 05:41:55.823932
ceab6bbf-f141-4b1c-ae40-f69a33febfbc,EMAIL,101.5,2025-11-10 05:41:55.823932
df73b70a-8c2a-413c-ac9b-23bd03a2f2d6,tiktok,1782.32,2025-11-11 05:41:55.823932
ac152b00-1ae4-4562-bcc3-5e266c3d76c2,google,2942.55,2025-11-12 05:41:55.823932
c2092c00-8139-48b6-9a7a-8987ac3caabd,tiktok,4291.23,2025-11-13 05:41:55.823932
0315d054-8ed0-4bd5-8d5f-07a140aed4c6,tiktok,1567.26,2025-11-14 05:41:55.823932
50dc7e80-2d89-4f59-93c1-2f8559e5f629,google,4961.1,2025-11-15 05:41:55.823932
18327a02-2066-4473-a0ab-fd95d746cf8b,google,2121.15,2025-11-16 05:41:55.823932
4677c171-b8b4-4130-87d0-8edaf79ebece,facebook,3533.17,2025-11-17 05:41:55.823932
b794eb3f-32a6-4557-ab2c-8d58198e1c05,tiktok,3597.7,2025-11-18 05:41:55.823932
56a6caf5-4865-4564-8a24-32dd0b68e375,google,1519.97,2025-11-19 05:41:55.823932
518f99b5-59c6-4f4b-aa60-741892c62a82,tiktok,832.7,2025-11-20 05:41:55.823932
f83480e6-e047-4705-aff5-d7aa539a2fd6,snapchat,3793.24,2025-11-21 05:41:55.823932
0c12ea35-079f-4279-ba65-a67486bdbaf4,facebook,3031.7,2025-11-22 05:41:55.823932
d26c841d-305b-4947-935f-3a1d2741674f,facebook,2334.49,2025-11-23 05:41:55.823932
f078dfaf-3698-4457-930e-9ce390f38ee7,EMAIL,871.54,2025-11-24 05:41:55.823932
ab41bf8e-2911-40d0-a86c-d273962460a7,snapchat,1755.51,2025-11-25 05:41:55.823932
118dea2c-2095-4efd-80fa-944753d4f239,email,3811.33,2025-11-26 05:41:55.823932
fe62c598-a35c-4860-af84-30797f6cce41,email,356.66,2025-11-27 05:41:55.823932
31a842e7-2f22-4769-b462-daa0010cbf37,EMAIL,1308.69,2025-11-28 05:41:55.823932
66ac59b6-80f0-48a1-8305-df210a1182d4,tiktok,3057.94,2025-11-29 05:41:55.823932
e8b3f8f0-1c7c-47b6-815f-823453748ed8,google,4059.71,2025-11-30 05:41:55.823932
0aa01cc8-19cd-45f8-998d-a886dd859271,facebook,3118.29,2025-12-01 05:41:55.823932
722347e8-58a7-4ca0-9bec-33ebde68607d,google,2051.23,2025-12-02 05:41:55.823932
c2128e96-808d-40ca-bdf1-d91e97947a02,snapchat,3968.71,2025-12-03 05:41:55.823932
43b4307f-2821-472a-88b0-3b20970610db,EMAIL,512.42,2025-12-04 05:41:55.823932
eb733857-876d-4130-b786-a41dc9b3d1fd,tiktok,4190.88,2025-12-05 05:41:55.823932
bfa65e13-8ed9-4020-a8e8-1521defc381d,email,584.76,2025-12-06 05:41:55.823932
7ff08517-2299-4816-8f1d-ade683cf37c9,tiktok,4135.89,2025-12-07 05:41:55.823932
56abdfc6-a6bc-4f60-bbef-08986a0c61da,snapchat,214.53,2025-12-08 05:41:55.823932
0110cb08-6301-4088-9e33-8f748a78ef07,tiktok,3758.56,2025-12-09 05:41:55.823932
1b26a419-8eb5-4b83-a11a-f9a951a7fb79,tiktok,1265.23,2025-12-10 05:41:55.823932
fa755cdb-ab0e-4dc9-96aa-1893c834f56b,google,1609.65,2025-12-11 05:41:55.823932
ecaa1d7d-5b78-44ed-b5f3-80531939776e,EMAIL,2580.93,2025-12-12 05:41:55.823932
b7650cea-9f8f-4fe0-8d32-cbb55e41f7c9,google,2967.49,2025-12-13 05:41:55.823932
c164f961-fcc3-4541-bde3-bdb9e203b659,tiktok,375.98,2025-12-14 05:41:55.823932
6592bcbc-5c6c-494d-b27f-4c26d8608fb6,facebook,2689.39,2025-12-15 05:41:55.823932
f6a9febe-17bd-4b1e-857a-79b94f12cb61,email,4283.3,2025-12-16 05:41:55.823932
425eb539-427b-4bdb-9c6f-7654276c0d4a,google,158.63,2025-12-17 05:41:55.823932
14a52627-b77a-4b77-9bcc-552cb266388f,tiktok,4582.98,2025-12-18 05:41:55.823932
8433fb56-89d3-4ebd-8e25-a90617c52613,google,892.52,2025-12-19 05:41:55.823932
d2365d52-3d68-48cc-b9dd-0842efa10412,google,4121.73,2025-12-20 05:41:55.823932
e45a9378-8140-475d-a168-efe34e7c8add,google,4453.8,2025-12-21 05:41:55.823932
9ed1e51b-745f-4f41-a121-a48d5c38751b,email,4899.87,2025-12-22 05:41:55.823932
b6711333-d4cc-47fd-b2a4-61a654dbf1a3,EMAIL,2682.23,2025-12-23 05:41:55.823932
394d2986-6e77-44c8-8377-56f3cbbfb7c5,snapchat,1595.42,2025-12-24 05:41:55.823932
128f515e-8155-49fe-9546-44cca950b0a8,snapchat,1682.33,2025-12-25 05:41:55.823932
c4b19ccc-361d-4c32-ae0d-31e87cdd7246,EMAIL,1748.35,2025-12-26 05:41:55.823932
f5769e04-c510-4828-80fe-7eb553d4c522,google,1847.3,2025-12-27 05:41:55.823932
717067e6-2af8-452a-9269-9c0d8ddfa283,email,1464.24,2025-12-28 05:41:55.823932
ee83ba48-e14e-4e93-b925-7fe9df3c398b,email,2258.8,2025-12-29 05:41:55.823932
4ddeb1f6-e494-4a48-b8e7-6c5c3513f1c9,google,1367.5,2025-12-30 05:41:55.823932
401a46c6-c69d-4d69-8581-6c9e1a5d846f,google,2082.92,2025-12-31 05:41:55.823932
860bd114-9b67-4203-85ee-38d5164a7fa7,EMAIL,1922.65,2026-01-01 05:41:55.823932
0258d047-c364-4b4a-88d7-bb663ffdaa35,tiktok,3467.82,2026-01-02 05:41:55.823932
c8716104-1776-4452-8f15-4f95d1ab8537,email,4114.9,2026-01-03 05:41:55.823932
871bbf6d-c3f1-4393-b6d9-8365e42392ca,email,1129.73,2026-01-04 05:41:55.823932
f8f57448-37b2-4d6d-8a4d-603e22a41eac,snapchat,2793.16,2026-01-05 05:41:55.823932
732e1bca-d207-4c38-bf12-d1cec26f50a2,google,1445.62,2026-01-06 05:41:55.823932
