promotion_code,discount_pct,valid_from,valid_to
PROMO0000,5,2024-12-19 13:12:33.573304,2025-12-09 14:20:49.573345
PROMO0001,30,2025-11-22 13:58:20.573368,2025-11-09 22:03:55.573379
PROMO0002,5,2024-11-03 16:42:56.573392,2025-12-17 04:08:42.573401
PROMO0003,15,2024-08-28 09:05:37.573415,2025-12-07 11:15:00.573424
PROMO0004,5,2025-04-02 20:43:01.573435,2025-10-13 15:20:38.573444
PROMO0005,25,2024-12-18 21:55:45.573456,2025-12-21 01:22:09.573466
PROMO0006,10,2025-10-02 17:11:35.573479,2025-12-06 02:54:12.573489
PROMO0007,20,2025-10-12 04:16:06.573501,2025-11-15 07:36:34.573511
PROMO0008,25,2025-12-06 18:20:52.573523,2025-10-17 06:12:34.573532
PROMO0009,5,2025-12-07 03:07:26.573544,2025-12-19 21:01:53.573553
PROMO0010,30,2025-07-04 14:55:29.573566,2025-10-11 23:41:56.573575
PROMO0011,5,2025-10-21 19:26:28.573587,2025-12-11 23:08:24.573597
PROMO0012,20,2025-05-21 08:28:30.573609,2025-12-16 16:49:20.573618
PROMO0013,5,2025-06-01 10:45:30.573630,2025-11-10 23:08:07.573639
PROMO0014,25,2025-06-13 01:53:55.573650,2025-12-11 19:08:24.573661
PROMO0015,25,2025-08-06 01:26:37.573673,2025-12-20 15:28:44.573683
PROMO0016,15,2024-12-24 17:48:40.573694,2025-10-29 09:38:56.573705
PROMO0017,30,2025-05-30 19:55:20.573717,2025-10-26 16:56:11.573726
PROMO0018,30,2025-05-03 01:24:52.573739,2025-10-14 19:11:00.573748
PROMO0019,10,2024-07-30 11:25:37.573760,2025-12-11 14:51:28.573771
PROMO0020,15,2025-06-15 13:35:59.573782,2025-10-10 23:41:26.573791
PROMO0021,20,2025-02-05 07:17:51.573803,2025-10-10 10:26:51.573812
PROMO0022,10,2024-12-11 18:44:28.573824,2025-12-01 14:22:58.573834
PROMO0023,15,2025-07-06 11:46:57.573845,2025-11-25 19:40:53.573855
PROMO0024,25,2024-09-19 09:30:39.573867,2025-12-06 14:37:41.573877
PROMO0025,30,2025-08-23 19:22:36.573889,2025-11-11 04:28:59.573898
PROMO0026,5,2024-12-10 02:04:57.573912,2025-12-22 22:11:14.573922
PROMO0027,5,2025-10-27 10:49:48.573934,2025-10-13 22:42:09.573943
PROMO0028,5,2025-01-18 01:10:01.573956,2025-12-11 17:10:44.573965
PROMO0029,15,2025-01-10 09:11:12.573977,2025-11-05 23:37:33.573986
PROMO0030,25,2025-11-09 23:08:32.573999,2025-10-11 23:48:15.574008
PROMO0031,25,2025-01-25 14:30:31.574020,2025-12-16 06:17:35.574030
PROMO0032,20,2025-02-22 18:45:02.574041,2025-11-23 17:20:41.574050
PROMO0033,25,2025-10-22 09:30:59.574064,2025-11-28 11:02:29.574074
PROMO0034,20,2025-01-17 14:43:59.574086,2025-11-23 10:39:46.574096
PROMO0035,30,2025-09-29 19:54:17.574108,2025-12-23 21:29:42.574119
PROMO0036,25,2025-02-07 04:07:03.574131,2025-11-28 09:23:23.574140
PROMO0037,25,2025-09-07 05:29:27.574152,2025-12-22 16:33:31.574161
PROMO0038,5,2025-05-31 11:32:15.574173,2025-10-23 17:39:03.574182
PROMO0039,5,2025-09-05 11:17:47.574195,2025-12-27 15:59:35.574205
PROMO0040,20,2025-10-27 03:25:24.574219,2025-12-13 15:51:07.574228
PROMO0041,10,2024-12-16 16:22:38.574240,2025-11-20 01:21:24.574250
PROMO0042,20,2025-10-27 17:01:32.574263,2025-10-11 19:21:49.574373
PROMO0043,30,2025-12-22 12:14:05.574407,2025-12-14 04:47:36.574420
PROMO0044,30,2024-09-11 18:32:27.574434,2025-12-29 22:41:38.574444
PROMO0045,15,2025-09-01 13:04:42.574457,2025-11-24 20:07:09.574468
PROMO0046,25,2025-03-06 08:51:23.574480,2025-12-07 09:02:03.574490
PROMO0047,20,2025-10-22 18:23:10.574502,2025-11-11 05:10:07.574512
PROMO0048,10,2024-11-13 01:07:28.574524,2025-10-17 22:16:52.574534
PROMO0049,20,2026-01-02 07:01:09.574547,2025-11-29 16:50:35.574557
PROMO0050,20,2025-05-28 05:31:17.574569,2025-12-19 15:40:45.574579
PROMO0051,25,2024-11-07 20:06:15.574591,2025-12-23 03:41:11.574601
PROMO0052,10,2025-07-09 15:59:27.574619,2025-12-12 08:12:20.574629
PROMO0053,20,2025-05-10 01:43:11.574642,2025-11-17 18:14:03.574652
PROMO0054,30,2025-10-15 02:42:08.574670,2025-11-29 06:18:17.574681
PROMO0055,30,2024-09-21 13:32:29.574692,2025-12-18 15:35:46.574703
PROMO0056,10,2024-10-30 08:45:59.574715,2025-10-12 09:33:41.574726
PROMO0057,30,2024-09-28 02:28:17.574738,2025-11-05 16:37:59.574748
PROMO0058,15,2024-08-31 06:12:52.574760,2025-12-27 11:52:12.574769
PROMO0059,20,2025-03-26 10:52:57.574781,2025-12-18 05:40:25.574791
PROMO0060,5,2024-07-18 02:58:37.574803,2025-12-16 06:51:07.574814
PROMO0061,5,2025-10-29 05:27:28.574825,2025-10-10 07:13:57.574836
PROMO0062,25,2025-07-26 13:54:39.574850,2025-11-15 12:57:33.574861
PROMO0063,10,2025-03-25 17:04:08.574874,2025-12-14 22:50:26.574885
PROMO0064,20,2025-05-21 13:34:50.574898,2025-12-10 09:11:20.574909
PROMO0065,25,2025-07-14 09:17:31.574937,2025-10-24 02:29:56.574948
PROMO0066,25,2025-12-17 14:39:07.574961,2025-10-24 15:31:58.574972
PROMO0067,25,2024-12-23 10:42:39.574985,2025-12-15 23:40:18.574997
PROMO0068,15,2025-12-14 07:52:18.575010,2025-11-27 09:55:01.575021
PROMO0069,30,2025-04-11 03:40:54.575034,2025-11-19 11:02:46.575044
PROMO0070,30,2024-12-08 18:57:18.575056,2025-12-19 17:25:43.575068
PROMO0071,15,2025-11-19 14:03:02.575081,2025-10-24 08:02:28.575091
PROMO0072,20,2025-03-13 19:49:53.575104,2025-10-19 01:21:20.575114
PROMO0073,30,2024-11-06 20:03:01.575126,2025-10-15 14:21:04.575136
PROMO0074,30,2025-03-21 18:23:27.575149,2025-10-23 18:02:20.575161
PROMO0075,25,2024-09-15 04:19:44.575174,2025-11-27 08:43:06.575185
PROMO0076,25,2024-11-30 17:13:41.575198,2025-12-06 02:53:40.575209
PROMO0077,15,2025-12-06 01:35:03.575228,2025-11-22 13:06:06.575240
PROMO0078,25,2025-02-10 10:53:57.575254,2025-12-19 11:19:12.575265
PROMO0079,30,2024-12-03 19:54:46.575280,2025-11-01 03:24:51.575291
PROMO0080,15,2025-10-17 14:11:41.575306,2025-12-30 06:24:15.575331
PROMO0081,5,2025-04-20 16:23:14.575348,2025-12-23 10:04:05.575360
PROMO0082,30,2024-11-11 16:17:02.575374,2025-11-11 13:56:20.575386
PROMO0083,20,2025-05-24 08:45:20.575400,2025-10-08 22:30:33.575411
PROMO0084,10,2025-10-06 02:28:44.575425,2025-11-29 09:17:23.575437
PROMO0085,25,2024-10-23 12:50:48.575451,2025-12-07 08:44:33.575463
PROMO0086,20,2025-03-08 17:59:41.575477,2025-11-05 16:25:15.575489
PROMO0087,15,2025-12-19 07:27:20.575503,2025-11-23 10:21:20.575513
PROMO0088,25,2024-09-14 20:05:47.575527,2025-11-11 15:48:24.575538
PROMO0089,15,2024-12-20 15:25:03.575554,2025-10-27 13:42:46.575565
PROMO0090,30,2025-11-02 22:58:22.575578,2025-12-31 10:54:27.575590
PROMO0091,25,2024-10-28 00:38:28.575604,2025-11-28 08:07:13.575614
PROMO0092,10,2024-10-08 06:03:34.575628,2025-11-09 16:45:31.575639
PROMO0093,10,2025-02-19 20:58:57.575658,2025-10-12 13:19:53.575670
PROMO0094,25,2025-10-08 10:30:56.575685,2025-12-27 06:19:59.575696
PROMO0095,15,2025-02-23 23:02:20.575711,2025-10-15 07:26:05.575724
PROMO0096,20,2024-08-27 02:46:23.575738,2025-11-06 17:22:34.575750
PROMO0097,20,2025-09-03 00:49:44.575766,2025-11-23 08:22:13.575777
PROMO0098,20,2025-04-29 12:44:17.575790,2025-11-08 06:33:34.575802
PROMO0099,30,2025-08-24 20:46:15.575815,2025-10-09 18:59:48.575826
PROMO0100,5,2025-06-22 17:49:51.575841,2025-12-20 03:53:23.575852
PROMO0101,20,2025-11-24 02:35:55.575868,2025-10-21 15:20:06.575880
PROMO0102,5,2025-09-24 03:03:50.575894,2025-11-14 22:49:12.575906
PROMO0103,20,2024-12-24 19:17:15.575920,2025-12-04 15:02:26.575932
PROMO0104,25,2025-11-23 13:01:48.575947,2025-11-15 16:43:36.575957
PROMO0105,15,2024-12-15 16:24:39.575971,2025-12-28 09:39:14.575983
PROMO0106,15,2025-06-03 16:01:23.575997,2025-11-09 13:11:39.576008
PROMO0107,10,2025-12-04 01:13:31.576022,2025-10-17 15:42:09.576033
PROMO0108,25,2024-11-16 06:28:45.576047,2025-12-19 14:12:20.576059
PROMO0109,15,2026-01-03 05:43:31.576115,2026-01-03 21:25:29.576129
PROMO0110,5,2024-09-06 17:30:28.576145,2025-12-02 04:38:10.576157
PROMO0111,30,2025-07-23 12:40:23.576171,2025-11-05 21:15:51.576182
PROMO0112,20,2025-01-15 21:05:58.576195,2025-11-15 12:57:59.576207
PROMO0113,20,2025-07-09 16:37:53.576221,2025-12-16 14:27:22.576232
PROMO0114,30,2024-08-29 03:37:16.576246,2025-12-18 08:46:49.576257
PROMO0115,30,2024-09-28 19:24:04.576271,2025-11-14 18:16:08.576282
PROMO0116,25,2024-11-03 22:30:56.576312,2026-01-04 12:59:39.576323
PROMO0117,20,2025-08-30 23:03:19.576336,2025-11-23 04:03:23.576345
PROMO0118,10,2024-10-16 03:29:58.576360,2025-11-22 14:28:08.576371
PROMO0119,5,2025-04-03 13:02:44.576450,2025-10-19 01:04:05.576460
PROMO0120,15,2025-11-12 04:36:13.576472,2025-11-06 22:38:28.576482
PROMO0121,25,2024-10-29 15:08:29.576496,2025-10-20 15:13:35.576505
PROMO0122,30,2025-10-25 05:08:22.576522,2025-12-19 05:50:13.576533
PROMO0123,30,2025-11-14 21:38:19.576557,2025-10-20 03:01:23.576567
PROMO0124,30,2025-06-29 07:16:49.576579,2025-10-24 08:16:32.576589
PROMO0125,30,2024-10-09 21:53:37.576601,2025-12-20 01:58:26.576610
PROMO0126,15,2025-06-11 23:13:37.576622,2025-10-30 09:13:15.576632
PROMO0127,25,2025-05-24 07:22:15.576646,2025-11-21 05:40:43.576655
PROMO0128,30,2025-09-05 23:50:22.576667,2025-12-14 19:34:43.576676
PROMO0129,15,2025-10-10 06:19:17.576693,2025-12-06 15:28:50.576702
PROMO0130,5,2024-09-19 04:07:13.576714,2025-10-27 13:33:33.576723
PROMO0131,10,2024-12-20 19:24:50.576735,2025-10-09 21:16:47.576746
PROMO0132,5,2025-11-04 19:42:50.576757,2025-12-26 07:39:11.576767
PROMO0133,5,2025-01-08 10:04:57.576778,2025-12-15 03:07:13.576788
PROMO0134,5,2025-06-25 23:05:14.576799,2025-12-30 12:11:02.576809
PROMO0135,25,2025-12-25 21:45:27.576821,2025-11-05 10:08:43.576831
PROMO0136,5,2025-07-22 02:23:52.576843,2025-12-13 21:47:20.576852
PROMO0137,30,2024-09-14 15:13:32.576864,2025-11-20 18:29:35.576874
PROMO0138,25,2025-12-13 21:37:58.576886,2025-10-26 21:24:24.576895
PROMO0139,5,2025-02-09 13:36:15.576907,2025-11-10 12:28:47.576917
PROMO0140,20,2025-12-29 01:18:07.576929,2025-12-26 09:20:55.576939
PROMO0141,15,2025-01-06 00:59:17.576950,2025-11-24 22:55:28.576960
PROMO0142,5,2025-02-01 05:09:32.576971,2025-12-04 15:12:43.576981
PROMO0143,15,2025-06-28 18:25:17.576992,2025-11-02 16:18:40.577002
PROMO0144,15,2025-10-23 09:00:03.577014,2025-12-19 16:49:28.577023
PROMO0145,10,2025-05-27 06:16:00.577035,2025-12-26 09:11:47.577044
PROMO0146,25,2025-09-25 06:23:01.577056,2025-11-08 20:21:03.577065
PROMO0147,20,2025-08-03 01:41:28.577077,2025-10-21 04:03:06.577088
PROMO0148,15,2025-05-12 14:40:23.577100,2025-11-05 10:53:26.577110
PROMO0149,15,2025-05-27 10:41:48.577123,2025-12-21 21:31:54.577132
PROMO0150,10,2024-08-28 10:48:37.577144,2025-10-14 22:16:51.577154
PROMO0151,10,2025-12-21 21:16:33.577166,2025-11-16 20:42:04.577175
PROMO0152,5,2025-09-05 03:40:19.577187,2025-12-24 16:42:22.577196
PROMO0153,20,2025-06-23 23:39:28.577209,2025-10-26 23:18:43.577219
PROMO0154,30,2025-06-07 05:07:05.577230,2025-10-31 11:16:01.577240
PROMO0155,30,2024-08-04 06:24:31.577254,2025-11-15 20:46:27.577265
PROMO0156,10,2024-09-23 03:27:10.577278,2025-11-26 16:03:36.577291
PROMO0157,15,2024-07-18 23:28:46.577303,2025-12-25 18:47:31.577313
PROMO0158,10,2024-12-16 23:00:00.577325,2025-12-27 04:14:08.577335
PROMO0159,25,2024-12-02 04:14:30.577347,2025-12-10 02:55:46.577358
PROMO0160,30,2025-10-10 03:29:11.577372,2025-12-14 20:17:07.577384
PROMO0161,30,2025-05-20 06:06:11.577400,2025-11-02 19:41:02.577411
PROMO0162,30,2025-06-29 09:59:30.577423,2025-11-29 16:28:07.577434
PROMO0163,25,2024-12-18 09:22:44.577446,2025-11-26 04:52:59.577457
PROMO0164,5,2025-08-16 02:08:48.577470,2025-11-08 20:40:47.577480
PROMO0165,10,2025-05-10 03:26:50.577493,2025-10-10 16:06:30.577505
PROMO0166,5,2025-06-22 00:31:30.577519,2025-10-24 10:45:49.577530
PROMO0167,20,2025-11-24 06:05:11.577543,2025-11-16 21:31:32.577554
PROMO0168,10,2024-12-16 02:12:33.577566,2025-12-06 06:37:07.577577
PROMO0169,30,2025-01-21 08:08:44.577591,2025-10-10 15:55:17.577601
PROMO0170,25,2024-11-25 15:24:13.577613,2025-11-24 18:24:08.577625
PROMO0171,5,2025-03-09 17:16:49.577638,2025-10-08 14:58:04.577648
PROMO0172,15,2024-08-07 22:44:45.577661,2025-11-18 06:53:49.577671
PROMO0173,10,2025-12-09 00:43:51.577711,2025-11-22 13:43:13.577723
PROMO0174,30,2025-12-11 11:17:17.577737,2026-01-02 17:15:19.577749
PROMO0175,10,2024-10-16 18:46:43.577761,2025-11-05 23:18:21.577772
PROMO0176,25,2025-11-19 05:46:58.577785,2025-10-18 20:25:23.577795
PROMO0177,10,2025-04-11 09:54:25.577808,2025-12-22 08:42:07.577817
PROMO0178,15,2024-10-25 19:48:51.577836,2025-11-15 22:50:21.577846
PROMO0179,20,2024-10-10 21:19:41.577862,2025-12-31 22:42:17.577874
PROMO0180,10,2025-05-02 11:43:59.577888,2025-11-06 01:55:13.577898
PROMO0181,10,2026-01-04 13:34:23.577913,2025-12-27 11:48:19.577926
PROMO0182,30,2024-10-03 08:40:21.577941,2026-01-03 10:17:10.577952
PROMO0183,20,2025-11-02 22:30:59.577968,2025-11-18 05:36:18.577980
PROMO0184,5,2025-03-11 08:34:02.577997,2025-11-30 22:18:57.578008
PROMO0185,15,2025-04-14 00:16:07.578021,2025-11-04 17:06:20.578033
PROMO0186,5,2025-04-15 06:31:59.578050,2025-11-22 06:21:25.578216
PROMO0187,15,2025-03-20 17:59:18.578243,2025-11-05 22:25:49.578253
PROMO0188,5,2025-08-27 23:14:37.578265,2025-12-27 20:33:08.578274
PROMO0189,30,2025-09-04 04:54:39.578284,2025-10-29 20:43:42.578295
PROMO0190,25,2025-06-07 01:28:51.578306,2025-11-16 04:03:38.578315
PROMO0191,30,2024-11-18 18:16:03.578325,2025-10-11 04:09:17.578335
PROMO0192,15,2024-09-24 12:29:31.578346,2025-12-09 16:59:27.578355
PROMO0193,15,2025-01-27 15:46:49.578365,2025-12-04 08:04:11.578374
PROMO0194,30,2025-10-28 22:43:01.578386,2025-10-20 12:17:08.578395
PROMO0195,30,2025-06-04 06:32:17.578407,2025-10-27 03:09:24.578415
PROMO0196,25,2025-09-07 13:36:16.578427,2025-10-28 01:56:29.578436
PROMO0197,30,2024-08-10 04:42:03.578447,2025-11-15 14:02:54.578456
PROMO0198,15,2025-11-05 05:23:27.578466,2025-12-01 11:33:14.578476
PROMO0199,5,2025-08-26 21:03:57.578487,2025-12-20 21:45:33.578496
PROMO0200,20,2024-09-06 15:03:16.578507,2025-12-22 13:41:00.578516
PROMO0201,25,2025-02-07 22:40:26.578530,2025-11-08 11:49:40.578539
PROMO0202,15,2025-11-16 05:33:53.578550,2025-12-13 06:11:58.578559
PROMO0203,5,2025-10-23 19:48:11.578570,2025-12-01 17:19:25.578579
PROMO0204,20,2025-03-31 15:06:20.578590,2025-11-04 02:12:12.578599
PROMO0205,5,2025-08-04 08:23:29.578610,2025-10-25 04:14:43.578619
PROMO0206,30,2025-06-24 18:39:39.578631,2025-10-20 12:31:34.578640
PROMO0207,25,2025-03-21 10:13:54.578650,2025-10-14 06:32:00.578659
PROMO0208,20,2025-11-22 19:03:46.578670,2025-11-29 20:12:27.578680
PROMO0209,30,2024-12-08 00:06:12.578691,2025-11-21 18:34:03.578700
PROMO0210,25,2025-02-02 15:11:27.578711,2025-10-12 19:11:53.578722
PROMO0211,30,2025-07-07 11:24:28.578734,2025-11-27 21:28:24.578743
PROMO0212,5,2025-04-04 12:41:27.578754,2025-12-18 11:44:36.578763
PROMO0213,10,2025-06-24 21:55:17.578775,2025-10-28 19:44:59.578785
PROMO0214,5,2025-07-05 22:00:02.578796,2025-10-24 15:10:19.578805
PROMO0215,5,2025-12-31 11:53:10.578818,2025-11-28 22:28:43.578828
PROMO0216,15,2025-12-20 02:56:49.578840,2025-11-03 21:19:56.578850
PROMO0217,30,2024-10-06 07:58:51.578863,2025-10-26 15:38:39.578873
PROMO0218,10,2025-11-09 18:19:44.578885,2025-11-23 04:50:23.578896
PROMO0219,20,2025-03-15 22:56:51.578909,2025-10-18 12:55:41.578919
PROMO0220,30,2025-07-03 05:00:03.578931,2025-12-14 15:22:10.578940
PROMO0221,25,2025-04-17 07:25:32.578952,2026-01-05 08:22:31.578962
PROMO0222,15,2025-01-03 22:11:55.578974,2025-12-29 02:21:48.578985
PROMO0223,5,2025-01-16 14:17:49.578996,2025-11-25 00:57:13.579005
PROMO0224,30,2025-11-04 13:42:01.579018,2025-11-04 15:23:07.579028
PROMO0225,10,2025-12-26 16:15:28.579041,2025-11-04 21:04:07.579051
PROMO0226,5,2024-08-24 10:46:12.579062,2025-11-06 19:30:48.579071
PROMO0227,20,2025-11-11 03:57:34.579083,2025-10-10 23:49:01.579092
PROMO0228,10,2025-12-17 08:12:14.579105,2025-11-06 10:52:25.579114
PROMO0229,30,2025-04-21 07:47:57.579126,2025-11-25 01:04:13.579136
PROMO0230,5,2025-12-05 01:01:29.579149,2025-10-20 13:42:21.579158
PROMO0231,25,2025-11-25 15:05:53.579174,2025-12-29 19:40:19.579184
PROMO0232,10,2025-01-18 18:53:32.579198,2025-12-24 19:00:31.579208
PROMO0233,30,2025-05-01 19:26:00.579224,2025-12-13 04:23:37.579234
PROMO0234,20,2025-10-29 08:34:42.579247,2025-10-12 14:25:07.579257
PROMO0235,5,2025-12-02 04:01:18.579270,2026-01-01 02:43:58.579280
PROMO0236,15,2025-12-10 12:04:20.579294,2025-10-29 10:22:44.579304
PROMO0237,5,2024-10-08 11:51:19.579318,2025-12-11 11:40:29.579329
PROMO0238,30,2025-06-24 12:14:33.579407,2025-10-27 11:55:00.579418
PROMO0239,10,2025-11-06 04:46:34.579431,2025-12-19 01:41:35.579441
PROMO0240,5,2025-08-22 11:18:28.579454,2025-12-12 14:11:40.579463
PROMO0241,10,2025-04-30 04:52:38.579475,2025-12-24 10:47:00.579485
PROMO0242,15,2025-01-17 19:32:15.579498,2025-12-06 06:34:26.579508
PROMO0243,10,2024-11-07 15:31:25.579521,2025-10-15 06:35:58.579531
PROMO0244,15,2025-03-06 06:21:28.579545,2025-11-24 00:08:01.579555
PROMO0245,15,2025-09-07 23:10:51.579567,2025-11-30 21:48:23.579577
PROMO0246,30,2025-10-06 19:03:24.579589,2025-10-12 14:44:03.579599
PROMO0247,15,2024-12-23 10:17:15.579611,2025-12-21 19:20:36.579620
PROMO0248,5,2025-02-22 15:22:45.579633,2025-12-07 10:58:22.579643
PROMO0249,10,2025-02-09 17:47:42.579655,2025-12-20 00:43:58.579665
PROMO0250,15,2024-12-22 01:13:44.579678,2025-11-19 10:10:48.579687
PROMO0251,10,2025-07-12 05:49:40.579700,2025-11-16 22:31:38.579710
PROMO0252,5,2025-03-19 13:35:40.579721,2025-12-12 18:15:02.579730
PROMO0253,20,2024-09-21 00:17:31.579743,2026-01-05 16:01:17.579752
PROMO0254,30,2024-08-16 23:30:58.579763,2025-10-28 22:16:47.579773
PROMO0255,30,2025-10-31 19:14:15.579785,2025-11-26 02:36:36.579795
PROMO0256,10,2024-12-24 23:05:41.579807,2025-11-24 06:36:32.579817
PROMO0257,15,2024-11-16 15:56:19.579830,2025-10-12 05:07:58.579840
PROMO0258,5,2025-04-24 15:13:09.579851,2025-11-01 22:05:59.579861
PROMO0259,10,2025-03-06 21:31:18.579873,2025-10-22 11:04:43.579883
PROMO0260,5,2025-01-04 00:56:44.579896,2025-10-20 08:33:37.579905
PROMO0261,20,2024-10-29 16:33:39.579917,2025-12-27 06:08:55.579927
PROMO0262,20,2024-08-20 18:57:08.579938,2025-10-20 01:37:29.579948
PROMO0263,25,2025-04-09 01:07:19.579959,2025-12-21 12:31:20.579969
PROMO0264,5,2024-10-28 03:10:39.579981,2025-12-03 09:47:30.579991
PROMO0265,15,2025-02-06 20:17:35.580002,2025-11-21 08:21:12.580012
PROMO0266,30,2025-10-03 11:44:25.580024,2025-12-10 06:25:44.580033
PROMO0267,20,2024-07-26 17:08:18.580045,2025-11-19 04:20:04.580055
PROMO0268,30,2025-04-21 09:00:05.580066,2025-11-29 07:45:00.580076
PROMO0269,30,2025-01-22 07:05:45.580090,2025-10-24 02:06:11.580100
PROMO0270,15,2025-02-09 13:14:22.580112,2025-11-13 05:01:16.580121
PROMO0271,20,2025-12-07 22:15:30.580134,2025-12-30 20:08:03.580143
PROMO0272,15,2025-10-25 16:39:50.580155,2026-01-05 05:10:41.580164
PROMO0273,15,2025-08-04 14:37:09.580176,2025-12-14 19:30:07.580186
PROMO0274,25,2025-05-01 04:27:12.580198,2025-10-28 21:43:23.580208
PROMO0275,30,2025-02-28 21:27:00.580220,2025-10-12 06:28:31.580231
PROMO0276,25,2025-05-28 07:11:02.580244,2025-12-27 22:49:01.580254
PROMO0277,15,2025-01-08 19:01:31.580267,2025-12-11 08:14:46.580278
PROMO0278,30,2024-12-05 21:05:02.580291,2025-10-16 01:20:52.580302
PROMO0279,20,2025-04-22 13:44:40.580315,2025-11-17 01:59:25.580325
PROMO0280,5,2024-11-13 19:37:31.580341,2025-11-27 03:32:28.580352
PROMO0281,10,2025-03-22 01:04:30.580367,2025-11-08 22:52:22.580374
PROMO0282,25,2025-05-01 00:23:18.580382,2025-10-17 12:20:41.580388
PROMO0283,20,2025-08-08 01:47:27.580395,2025-11-04 01:03:01.580401
PROMO0284,20,2025-05-07 10:49:08.580408,2025-11-02 02:56:19.580413
PROMO0285,15,2025-05-20 18:13:21.580420,2025-11-24 22:56:24.580426
PROMO0286,25,2024-08-13 04:11:42.580433,2025-12-09 01:34:25.580439
PROMO0287,25,2025-02-05 22:01:44.580446,2025-12-06 23:41:11.580452
PROMO0288,10,2024-07-22 12:35:21.580459,2025-11-02 22:40:29.580464
PROMO0289,20,2025-02-28 21:26:02.580472,2025-12-10 16:50:00.580477
PROMO0290,5,2025-12-02 06:18:27.580484,2025-11-08 23:07:46.580490
PROMO0291,5,2025-01-25 05:37:44.580497,2025-10-25 18:15:36.580503
PROMO0292,5,2024-08-03 05:56:18.580510,2025-10-10 22:42:15.580516
PROMO0293,20,2025-06-01 07:20:16.580523,2025-10-15 07:45:05.580529
PROMO0294,15,2025-04-11 08:09:40.580536,2025-10-26 15:50:34.580541
PROMO0295,30,2024-09-07 05:09:17.580548,2025-11-09 00:49:46.580554
PROMO0296,5,2025-09-27 03:49:45.580561,2025-10-13 16:07:49.580567
PROMO0297,5,2025-10-12 05:57:26.580574,2025-12-21 20:39:58.580579
PROMO0298,15,2024-10-31 02:24:53.580587,2025-10-30 13:07:51.580592
PROMO0299,10,2025-12-18 13:44:34.580599,2025-12-30 14:53:23.580605
PROMO0300,15,2025-01-18 05:21:41.580612,2025-12-29 00:59:23.580618
PROMO0301,25,2025-01-17 11:56:45.580625,2025-11-22 17:27:56.580631
PROMO0302,5,2024-10-03 15:00:13.580638,2025-10-20 23:38:36.580643
PROMO0303,15,2024-07-31 20:00:44.580650,2025-10-22 07:15:01.580656
PROMO0304,30,2025-07-17 20:01:02.580663,2025-12-18 19:28:39.580668
PROMO0305,30,2025-11-24 06:25:02.580675,2025-10-16 18:38:58.580681
PROMO0306,20,2025-02-27 00:25:07.580688,2026-01-02 02:38:33.580693
PROMO0307,25,2025-11-28 10:53:12.580700,2025-12-08 08:27:58.580706
PROMO0308,5,2025-06-05 15:56:37.580712,2025-12-11 08:49:13.580718
PROMO0309,10,2024-08-28 09:31:03.580729,2025-11-07 17:57:13.580735
PROMO0310,20,2024-11-18 03:11:44.580741,2025-12-12 15:25:54.580747
PROMO0311,5,2025-06-23 22:06:50.580754,2025-12-17 07:02:54.580760
PROMO0312,20,2024-08-18 15:17:50.580767,2025-12-20 10:43:33.580772
PROMO0313,20,2025-06-25 02:50:33.580779,2025-10-10 22:45:35.580785
PROMO0314,5,2025-09-18 16:32:51.580792,2025-10-15 01:31:28.580798
PROMO0315,20,2024-09-11 13:08:12.580805,2025-12-31 17:46:03.580810
PROMO0316,10,2025-12-01 21:38:50.580817,2025-12-25 15:34:21.580823
PROMO0317,10,2025-09-28 05:14:54.580830,2025-11-28 22:12:58.580836
PROMO0318,15,2025-10-01 14:45:10.580843,2025-10-10 08:11:37.580848
PROMO0319,20,2025-06-23 13:11:56.580855,2025-12-18 23:21:12.580861
PROMO0320,10,2024-08-20 12:53:21.580868,2025-10-13 17:47:48.580874
PROMO0321,10,2025-08-31 03:45:17.580881,2025-12-26 05:28:34.580887
PROMO0322,10,2025-03-24 10:39:06.580893,2025-11-21 07:54:29.580899
PROMO0323,15,2025-05-31 14:56:48.580906,2025-12-07 04:16:53.580912
PROMO0324,20,2024-10-23 22:19:52.580919,2025-12-25 13:49:16.580924
PROMO0325,15,2025-04-27 04:14:17.580931,2025-10-30 22:23:00.580937
PROMO0326,20,2024-09-20 02:00:15.580944,2025-12-23 14:09:02.580950
PROMO0327,5,2025-08-28 03:33:55.580956,2025-10-14 22:15:14.580962
PROMO0328,20,2024-10-22 03:43:26.580969,2025-11-09 09:33:53.580974
PROMO0329,15,2025-01-24 10:11:32.580981,2025-12-21 22:42:36.580987
PROMO0330,10,2025-10-28 07:39:56.580994,2025-12-08 14:29:49.580999
PROMO0331,30,2025-06-12 11:46:03.581006,2025-10-28 01:29:29.581012
PROMO0332,20,2025-06-21 04:23:16.581019,2025-11-21 09:28:37.581025
PROMO0333,20,2025-01-15 05:01:26.581032,2025-10-16 10:10:29.581038
PROMO0334,20,2024-08-07 23:32:51.581044,2025-12-31 15:37:22.581050
PROMO0335,5,2025-07-04 01:45:55.581057,2025-11-04 04:38:44.581063
PROMO0336,15,2025-05-13 11:04:06.581073,2025-10-17 16:25:09.581081
PROMO0337,15,2025-01-04 13:04:24.581090,2025-12-17 20:07:14.581096
PROMO0338,25,2025-12-02 01:02:35.581104,2026-01-05 11:12:04.581110
PROMO0339,30,2025-08-14 04:53:15.581117,2026-01-02 10:52:28.581123
PROMO0340,10,2025-02-04 17:55:06.581130,2025-10-26 10:14:51.581135
PROMO0341,20,2025-08-08 01:27:41.581142,2025-11-27 06:06:01.581148
PROMO0342,25,2025-01-25 20:33:22.581155,2025-11-08 14:35:19.581160
PROMO0343,5,2024-08-03 14:00:23.581168,2025-11-14 08:49:26.581174
PROMO0344,5,2025-10-12 12:41:13.581181,2025-11-20 07:58:05.581186
PROMO0345,20,2024-12-06 00:12:38.581193,2025-10-09 01:36:26.581199
PROMO0346,30,2025-07-17 19:04:07.581206,2026-01-01 18:30:06.581212
PROMO0347,5,2024-07-26 02:07:07.581219,2025-11-06 08:09:08.581225
PROMO0348,30,2024-12-10 08:24:27.581232,2025-11-20 23:08:57.581237
PROMO0349,30,2025-07-27 23:21:23.581244,2025-12-03 06:59:02.581250
PROMO0350,25,2025-11-24 21:10:54.581257,2025-12-21 03:04:18.581262
PROMO0351,25,2025-05-23 20:05:53.581270,2025-10-22 04:07:20.581275
PROMO0352,20,2024-12-10 22:19:32.581282,2025-10-11 01:18:31.581288
PROMO0353,15,2025-01-23 18:20:34.581295,2025-10-29 23:09:59.581301
PROMO0354,30,2024-10-10 23:16:54.581308,2025-10-09 01:43:55.581313
PROMO0355,30,2025-07-20 05:12:43.581320,2025-11-05 12:23:43.581326
PROMO0356,20,2024-10-10 00:12:41.581333,2025-11-15 09:11:04.581339
PROMO0357,5,2025-11-05 01:24:37.581346,2025-12-07 02:21:12.581351
PROMO0358,25,2025-11-09 17:28:05.581359,2025-12-11 00:32:43.581364
PROMO0359,5,2025-10-29 11:49:39.581371,2025-10-17 23:17:19.581377
PROMO0360,15,2024-07-29 20:15:33.581384,2025-12-26 12:28:06.581389
PROMO0361,30,2025-10-12 05:22:51.581397,2025-10-23 10:09:08.581570
PROMO0362,20,2024-09-03 14:10:35.581602,2025-12-07 10:47:55.581615
PROMO0363,10,2025-08-10 23:30:18.581654,2025-12-06 23:09:04.581665
PROMO0364,5,2025-08-29 10:53:05.581679,2025-11-02 17:51:25.581689
PROMO0365,25,2025-04-25 23:21:29.581702,2025-11-18 06:37:03.581713
PROMO0366,5,2025-05-18 18:32:23.581726,2025-11-02 20:34:41.581737
PROMO0367,15,2025-06-02 07:33:15.581750,2025-11-19 09:18:23.581759
PROMO0368,10,2024-10-17 04:37:42.581773,2025-11-18 11:06:05.581782
PROMO0369,30,2025-08-16 00:28:13.581789,2025-11-24 17:17:00.581796
PROMO0370,5,2024-12-15 21:42:16.581803,2025-10-12 03:24:08.581809
PROMO0371,20,2025-02-01 18:19:17.581819,2025-11-16 20:13:16.581830
PROMO0372,30,2024-11-10 07:00:58.581844,2025-11-24 13:35:06.581850
PROMO0373,25,2025-11-13 21:25:49.581858,2025-12-16 22:46:50.581864
PROMO0374,25,2025-05-17 17:59:55.581872,2025-11-16 00:50:41.581878
PROMO0375,30,2025-09-13 16:53:50.581885,2026-01-01 07:44:16.581892
PROMO0376,30,2025-03-28 05:01:38.581899,2025-11-09 08:40:31.581906
PROMO0377,15,2024-07-15 14:55:18.581913,2025-10-31 11:59:19.581919
PROMO0378,10,2025-02-07 03:03:07.581927,2025-10-26 17:16:19.581933
PROMO0379,10,2024-07-16 21:24:03.581940,2025-12-13 05:49:23.581946
PROMO0380,20,2025-08-21 03:56:11.581954,2026-01-03 22:21:49.581961
PROMO0381,5,2025-01-19 22:34:48.581968,2025-11-03 00:48:27.581975
PROMO0382,25,2024-10-19 18:29:43.581982,2025-10-24 23:20:28.581988
PROMO0383,30,2024-10-30 11:00:25.581996,2025-11-14 11:31:35.582002
PROMO0384,20,2024-09-06 03:52:11.582009,2025-11-30 17:50:28.582015
PROMO0385,20,2025-05-27 18:26:22.582023,2025-11-25 13:27:06.582029
PROMO0386,25,2025-10-22 16:24:41.582037,2026-01-06 04:56:27.582043
PROMO0387,25,2025-09-05 23:17:03.582050,2025-11-03 17:19:29.582057
PROMO0388,15,2025-02-13 22:12:23.582064,2025-12-24 11:46:40.582071
PROMO0389,10,2024-08-26 23:42:47.582078,2026-01-04 20:32:56.582084
PROMO0390,20,2025-05-04 03:45:44.582092,2025-12-17 05:05:42.582101
PROMO0391,25,2025-03-07 03:16:12.582108,2025-12-09 10:17:28.582114
PROMO0392,5,2025-06-14 14:56:22.582121,2025-12-01 05:38:15.582127
PROMO0393,30,2024-11-17 08:48:53.582135,2025-12-30 07:27:55.582142
PROMO0394,15,2025-02-16 03:52:55.582149,2025-11-13 23:10:53.582155
PROMO0395,25,2025-02-19 19:07:33.582162,2025-12-27 21:42:42.582169
PROMO0396,5,2024-08-13 02:39:06.582176,2025-12-01 18:07:44.582182
PROMO0397,30,2024-10-09 11:07:09.582189,2025-11-28 20:17:31.582195
PROMO0398,25,2025-09-22 12:01:11.582203,2025-11-22 17:24:06.582209
PROMO0399,25,2025-06-26 22:48:11.582216,2025-10-15 08:15:37.582222
PROMO0400,15,2025-05-08 02:32:13.582230,2025-12-10 08:05:18.582236
PROMO0401,25,2024-09-25 12:05:40.582246,2025-11-13 19:53:32.582252
PROMO0402,20,2025-09-30 00:57:40.582260,2025-12-30 12:45:26.582266
PROMO0403,20,2025-07-04 11:14:25.582273,2025-11-20 09:00:17.582279
PROMO0404,10,2024-10-29 05:45:04.582287,2026-01-01 17:20:03.582293
PROMO0405,5,2025-02-24 05:00:59.582300,2025-10-26 22:43:18.582306
PROMO0406,25,2025-10-10 11:06:32.582314,2025-10-10 16:41:29.582320
PROMO0407,15,2025-03-22 14:02:17.582327,2025-12-24 03:44:00.582333
PROMO0408,10,2024-12-28 14:47:51.582340,2025-11-19 14:06:37.582348
PROMO0409,5,2025-02-09 09:11:29.582361,2025-11-12 04:26:26.582371
PROMO0410,30,2024-12-12 04:42:34.582384,2025-12-13 13:51:12.582394
PROMO0411,10,2025-12-09 06:11:06.582407,2026-01-02 21:14:13.582537
PROMO0412,5,2025-02-20 10:54:27.582586,2025-12-23 20:18:14.582595
PROMO0413,30,2025-05-11 09:25:39.582603,2025-11-06 07:49:23.582609
PROMO0414,5,2025-03-23 06:06:26.582616,2025-11-06 08:36:52.582622
PROMO0415,25,2024-07-29 16:33:06.582630,2025-12-17 18:39:37.582635
PROMO0416,15,2025-10-20 21:42:03.582642,2025-10-15 07:09:47.582648
PROMO0417,10,2025-06-23 18:00:37.582656,2025-12-04 16:15:45.582662
PROMO0418,30,2024-11-28 14:44:45.582698,2025-10-21 20:52:08.582712
PROMO0419,10,2025-03-08 22:53:24.582724,2025-11-12 16:50:25.582735
PROMO0420,10,2025-06-30 05:37:48.582747,2025-10-14 10:52:59.582758
PROMO0421,10,2024-09-27 01:29:26.582771,2025-11-07 23:30:33.582782
PROMO0422,30,2025-08-24 11:48:45.582794,2025-10-19 03:42:15.582805
PROMO0423,10,2025-04-19 13:46:54.582817,2025-10-26 19:37:40.582827
PROMO0424,5,2024-08-05 17:46:57.582839,2025-10-21 14:55:48.582849
PROMO0425,5,2025-05-24 11:22:04.582862,2025-11-14 19:36:34.582872
PROMO0426,20,2025-10-25 10:39:05.582884,2025-12-23 20:36:33.582893
PROMO0427,30,2024-11-10 20:28:36.582901,2025-10-15 17:41:15.582907
PROMO0428,5,2025-08-11 11:52:10.582914,2025-11-15 08:54:02.582920
PROMO0429,10,2025-11-24 06:05:25.582927,2025-10-21 09:29:58.582933
PROMO0430,20,2025-07-22 01:14:30.582940,2025-11-04 15:03:20.582945
PROMO0431,25,2025-06-19 17:22:19.582953,2026-01-04 01:20:02.582958
PROMO0432,15,2025-05-05 06:21:24.582965,2026-01-04 04:41:46.582974
PROMO0433,15,2024-09-11 17:06:25.582985,2025-11-22 21:34:29.582995
PROMO0434,10,2025-02-24 11:05:16.583006,2025-10-13 23:58:42.583016
PROMO0435,25,2025-10-18 22:51:30.583028,2025-10-24 06:50:21.583035
PROMO0436,10,2025-12-12 21:02:22.583043,2025-11-10 15:04:32.583085
PROMO0437,5,2025-04-20 22:12:44.583100,2025-12-09 11:56:46.583106
PROMO0438,15,2025-02-10 03:33:41.583114,2025-12-03 00:26:32.583120
PROMO0439,5,2024-08-08 03:48:11.583127,2026-01-05 22:09:25.583134
PROMO0440,30,2025-12-15 01:38:59.583141,2025-12-17 16:59:31.583147
PROMO0441,25,2025-05-08 14:46:26.583154,2025-11-10 22:00:52.583160
PROMO0442,30,2025-12-05 14:37:36.583172,2025-10-26 04:32:36.583182
PROMO0443,5,2025-10-07 22:55:35.583193,2025-11-02 15:53:01.583199
PROMO0444,25,2024-09-22 21:07:55.583206,2025-10-22 17:19:59.583214
PROMO0445,30,2025-12-01 18:27:20.583251,2025-12-18 04:26:15.583270
PROMO0446,5,2025-10-20 08:13:20.583285,2025-12-11 05:21:28.583293
PROMO0447,10,2025-02-24 15:58:51.583300,2025-11-13 10:55:57.583306
PROMO0448,20,2025-12-10 18:42:50.583313,2025-11-03 02:22:23.583319
PROMO0449,5,2024-11-02 05:11:33.583326,2025-10-11 11:46:22.583332
PROMO0450,25,2024-07-19 07:08:40.583339,2025-11-28 07:32:48.583344
PROMO0451,20,2025-09-22 10:16:42.583351,2025-12-22 02:22:40.583357
PROMO0452,25,2025-02-16 11:52:42.583364,2025-10-27 23:39:26.583370
PROMO0453,20,2025-11-25 04:30:41.583377,2025-11-12 07:19:28.583383
PROMO0454,20,2025-06-05 14:46:22.583390,2025-12-18 21:08:00.583395
PROMO0455,10,2024-07-27 19:22:46.583403,2025-10-28 16:17:14.583409
PROMO0456,30,2025-07-27 19:52:36.583416,2025-12-07 11:15:17.583421
PROMO0457,15,2025-08-22 07:53:41.583432,2025-12-02 04:26:47.583437
PROMO0458,20,2025-01-21 09:32:27.583445,2025-10-20 14:58:38.583450
PROMO0459,15,2024-11-17 21:48:31.583458,2025-10-13 11:34:05.583464
PROMO0460,10,2025-07-09 19:34:27.583471,2025-10-12 15:44:13.583477
PROMO0461,20,2025-11-06 07:02:33.583484,2025-12-16 09:54:33.583489
PROMO0462,20,2024-08-04 16:51:29.583497,2025-10-18 00:05:03.583502
PROMO0463,20,2025-08-07 11:40:31.583509,2025-11-09 09:32:55.583515
PROMO0464,10,2025-07-11 12:22:06.583522,2025-10-16 17:52:45.583528
PROMO0465,5,2025-05-06 05:03:14.583535,2025-11-17 04:26:41.583540
PROMO0466,15,2025-01-31 18:54:35.583547,2025-12-21 03:40:40.583553
PROMO0467,20,2025-08-03 15:46:04.583560,2026-01-04 05:25:39.583566
PROMO0468,20,2025-07-04 17:20:11.583573,2025-11-18 22:42:52.583579
PROMO0469,20,2025-09-17 23:03:04.583586,2025-11-11 00:29:41.583592
PROMO0470,20,2025-11-13 02:12:34.583599,2025-12-10 11:59:26.583631
PROMO0471,5,2025-11-01 00:10:46.583638,2025-11-01 04:22:15.583645
PROMO0472,10,2025-11-24 05:58:08.583653,2025-10-15 15:19:54.583659
PROMO0473,20,2025-10-24 15:45:45.583667,2025-12-29 15:05:58.583673
PROMO0474,5,2025-02-24 12:25:17.583680,2025-12-04 18:58:02.583686
PROMO0475,30,2025-03-10 03:36:21.583694,2025-11-01 13:59:14.583700
PROMO0476,25,2024-12-09 11:31:55.583708,2025-12-11 11:01:54.583714
PROMO0477,15,2025-10-07 12:39:53.583722,2025-10-24 17:13:21.583728
PROMO0478,10,2025-07-04 02:39:51.583736,2025-12-07 12:52:01.583742
PROMO0479,25,2025-11-01 01:48:48.583750,2025-12-01 09:32:20.583756
PROMO0480,5,2025-07-25 15:13:35.583764,2025-10-22 04:38:19.583770
PROMO0481,25,2025-07-08 21:18:37.583778,2025-12-20 21:23:48.583788
PROMO0482,15,2025-02-17 15:57:17.583799,2025-10-21 03:26:31.583809
PROMO0483,25,2024-11-23 23:57:34.583824,2025-10-24 00:21:02.583835
PROMO0484,25,2025-12-27 12:58:53.583847,2025-10-15 22:24:28.583857
PROMO0485,20,2024-11-21 06:55:18.583870,2025-11-11 03:17:11.583880
PROMO0486,30,2025-07-09 08:07:48.583894,2025-11-24 16:25:07.583905
PROMO0487,30,2025-08-06 14:55:04.583919,2025-11-28 19:43:10.584009
PROMO0488,25,2024-11-26 12:17:01.584192,2025-12-09 16:50:58.584213
PROMO0489,15,2024-07-30 21:56:40.584224,2025-11-01 20:42:00.584230
PROMO0490,30,2025-04-12 19:28:32.584238,2025-12-31 01:03:47.584244
PROMO0491,15,2025-12-06 17:51:27.584251,2025-12-21 08:20:14.584257
PROMO0492,10,2025-12-27 03:50:53.584265,2025-12-31 15:13:33.584271
PROMO0493,10,2025-01-19 03:28:47.584278,2025-11-27 21:37:31.584284
PROMO0494,30,2025-02-08 17:28:36.584292,2025-11-25 16:53:02.584298
PROMO0495,25,2024-07-21 12:20:23.584305,2025-11-21 00:19:43.584312
PROMO0496,15,2025-05-01 12:56:34.584319,2025-10-30 01:09:25.584325
PROMO0497,20,2024-12-07 01:04:39.584332,2025-12-04 15:27:23.584338
PROMO0498,25,2025-02-03 09:09:23.584346,2025-11-25 06:38:25.584352
PROMO0499,10,2025-03-21 16:46:26.584359,2025-10-28 08:09:49.584365
